Date,High,Low,Open,Close,Volume,Adj Close,variacion,% variacion
2015-01-02,27.860000610351562,26.837499618530273,27.84749984741211,27.332500457763672,212818400.0,24.89855194091797,1.022500991821289,0.03740971278501716
2015-01-05,27.162500381469727,26.352500915527344,27.072500228881836,26.5625,257142000.0,24.19711685180664,0.8099994659423828,0.030494097541360295
2015-01-06,26.857500076293945,26.157499313354492,26.635000228881836,26.565000534057617,263188400.0,24.199399948120117,0.7000007629394531,0.02635048932304813
2015-01-07,27.049999237060547,26.674999237060547,26.799999237060547,26.9375,160423600.0,24.538728713989258,0.375,0.013921113689095127
2015-01-08,28.037500381469727,27.174999237060547,27.3075008392334,27.97249984741211,237458000.0,25.481557846069336,0.8625011444091797,0.03083389575883667
2015-01-09,28.3125,27.552499771118164,28.167499542236328,28.002500534057617,214798000.0,25.508888244628906,0.7600002288818359,0.027140441545836134
2015-01-12,28.157499313354492,27.200000762939453,28.149999618530273,27.3125,198603200.0,24.88033103942871,0.9574985504150391,0.035057155163937356
2015-01-13,28.200000762939453,27.227500915527344,27.857500076293945,27.55500030517578,268367600.0,25.101242065429688,0.9724998474121094,0.035293044334658935
2015-01-14,27.622499465942383,27.125,27.260000228881836,27.450000762939453,195826400.0,25.00558853149414,0.4974994659423828,0.018123841607103425
2015-01-15,27.514999389648438,26.665000915527344,27.5,26.704999923706055,240056000.0,24.32692527770996,0.8499984741210938,0.03182918841226243
2015-01-16,26.895000457763672,26.299999237060547,26.75749969482422,26.497499465942383,314053200.0,24.137907028198242,0.595001220703125,0.02245499510125054
2015-01-20,27.24250030517578,26.625,26.959999084472656,27.18000030517578,199599600.0,24.759626388549805,0.6175003051757812,0.02271892193681076
2015-01-21,27.764999389648438,27.0674991607666,27.237499237060547,27.387500762939453,194303600.0,24.948652267456055,0.6975002288818359,0.02546783055961381
2015-01-22,28.11750030517578,27.43000030517578,27.565000534057617,28.100000381469727,215185600.0,25.597705841064453,0.6875,0.024466191838679305
2015-01-23,28.4375,27.88249969482422,28.075000762939453,28.2450008392334,185859200.0,25.72978973388672,0.5550003051757812,0.019649505706682946
2015-01-26,28.59000015258789,28.200000762939453,28.434999465942383,28.274999618530273,222460000.0,25.757123947143555,0.3899993896484375,0.013793082048101883
2015-01-27,28.1200008392334,27.25749969482422,28.104999542236328,27.28499984741211,382274800.0,24.855283737182617,0.8625011444091797,0.031610817270757104
2015-01-28,29.530000686645508,28.827499389648438,29.407499313354492,28.827499389648438,585908400.0,26.260419845581055,0.7025012969970703,0.024369137520451355
2015-01-29,29.797500610351562,28.889999389648438,29.079999923706055,29.725000381469727,337745600.0,27.0779972076416,0.907501220703125,0.03052989769745646
2015-01-30,30.0,29.212499618530273,29.600000381469727,29.290000915527344,334982000.0,26.68173599243164,0.7875003814697266,0.026886321504082076
2015-02-02,29.792499542236328,29.020000457763672,29.512500762939453,29.657499313354492,250956400.0,27.016510009765625,0.7724990844726562,0.02604734392170439
2015-02-03,29.772499084472656,29.40250015258789,29.625,29.662500381469727,207662800.0,27.021060943603516,0.3699989318847656,0.012473625861827391
2015-02-04,30.127500534057617,29.577499389648438,29.625,29.889999389648438,280598800.0,27.22830581665039,0.5500011444091797,0.018400841607231922
2015-02-05,30.0575008392334,29.8125,30.0049991607666,29.985000610351562,168984800.0,27.422645568847656,0.24500083923339844,0.008170779864810745
2015-02-06,30.0625,29.612499237060547,30.0049991607666,29.732500076293945,174826400.0,27.191726684570312,0.4500007629394531,0.015134978955175174
2015-02-09,29.959999084472656,29.607500076293945,29.637500762939453,29.93000030517578,155559200.0,27.372344970703125,0.35249900817871094,0.011777447530388212
2015-02-10,30.537500381469727,30.040000915527344,30.042499542236328,30.5049991607666,248034000.0,27.898208618164062,0.4974994659423828,0.016308784777225364
2015-02-11,31.229999542236328,30.625,30.6924991607666,31.219999313354492,294247200.0,28.552112579345703,0.6049995422363281,0.019378589223015674
2015-02-12,31.8700008392334,31.392499923706055,31.514999389648438,31.614999771118164,297898000.0,28.913358688354492,0.47750091552734375,0.015103619135988861
2015-02-13,31.81999969482422,31.412500381469727,31.81999969482422,31.770000457763672,217088800.0,29.055112838745117,0.4074993133544922,0.01282654414488405
2015-02-17,32.220001220703125,31.729999542236328,31.872499465942383,31.957500457763672,252609600.0,29.22658920288086,0.4900016784667969,0.015332916262158956
2015-02-18,32.19499969482422,31.862499237060547,31.907499313354492,32.18000030517578,179566800.0,29.430076599121094,0.3325004577636719,0.010332518788391466
2015-02-19,32.25749969482422,32.08250045776367,32.119998931884766,32.11249923706055,149449600.0,29.368343353271484,0.17499923706054688,0.005449567651794069
2015-02-20,32.375,32.01250076293945,32.154998779296875,32.375,195793600.0,29.60841178894043,0.3624992370605469,0.011196887631213803
2015-02-23,33.25,32.415000915527344,32.505001068115234,33.25,283896400.0,30.408634185791016,0.8349990844726562,0.025112754420230265
2015-02-24,33.400001525878906,32.79249954223633,33.23500061035156,33.04249954223633,276912400.0,30.2188720703125,0.6075019836425781,0.018385473013808874
2015-02-25,32.900001525878906,32.037498474121094,32.88999938964844,32.1974983215332,298846800.0,29.446073532104492,0.8625030517578125,0.02678789026229977
2015-02-26,32.717498779296875,31.65250015258789,32.1974983215332,32.60499954223633,365150000.0,29.818758010864258,1.0649986267089844,0.03266366022576971
2015-02-27,32.64250183105469,32.060001373291016,32.5,32.1150016784668,248059200.0,29.370628356933594,0.5825004577636719,0.018137955077680727
2015-03-02,32.56999969482422,32.07500076293945,32.3125,32.272499084472656,192386800.0,29.51466941833496,0.4949989318847656,0.0153381035224175
2015-03-03,32.380001068115234,32.022499084472656,32.2400016784668,32.34000015258789,151265200.0,29.576406478881836,0.3575019836425781,0.011054483053673403
2015-03-04,32.38999938964844,32.08000183105469,32.275001525878906,32.1349983215332,126665200.0,29.388917922973633,0.30999755859375,0.009646727082167765
2015-03-05,32.1875,31.440000534057617,32.14500045776367,31.602500915527344,226068400.0,28.901926040649414,0.7474994659423828,0.02365317440984906
2015-03-06,32.342498779296875,31.565000534057617,32.099998474121094,31.649999618530273,291368400.0,28.945363998413086,0.7774982452392578,0.02456550567488956
2015-03-09,32.39250183105469,31.264999389648438,31.989999771118164,31.78499984741211,354114000.0,29.068830490112305,1.12750244140625,0.035472784232152506
2015-03-10,31.80500030517578,30.950000762939453,31.602500915527344,31.127500534057617,275426400.0,28.46751594543457,0.8549995422363281,0.027467658101903977
2015-03-11,31.1924991607666,30.52750015258789,31.1875,30.559999465942383,275756000.0,27.948511123657227,0.6649990081787109,0.021760439129582435
2015-03-12,31.225000381469727,30.407499313354492,30.577499389648438,31.112499237060547,193450800.0,28.453798294067383,0.8175010681152344,0.026275647670934918
2015-03-13,31.350000381469727,30.645000457763672,31.100000381469727,30.897499084472656,207309200.0,28.257169723510742,0.7049999237060547,0.022817378253774202
2015-03-16,31.237499237060547,30.717500686645508,30.969999313354492,31.237499237060547,143497200.0,28.568111419677734,0.5199985504150391,0.016646612664758597
2015-03-17,31.829999923706055,31.412500381469727,31.475000381469727,31.760000228881836,204092400.0,29.04596519470215,0.4174995422363281,0.013145451487014265
2015-03-18,32.290000915527344,31.592500686645508,31.75,32.11750030517578,261083600.0,29.37291717529297,0.6975002288818359,0.021717139324489484
2015-03-19,32.3125,31.850000381469727,32.1875,31.875,183238000.0,29.151140213012695,0.46249961853027344,0.01450979195389093
2015-03-20,32.099998474121094,31.290000915527344,32.0625,31.475000381469727,274780400.0,28.78531837463379,0.80999755859375,0.025734632208952085
2015-03-23,31.962499618530273,31.6299991607666,31.780000686645508,31.802499771118164,150838800.0,29.084835052490234,0.3325004577636719,0.010455167365982856
2015-03-24,32.0099983215332,31.639999389648438,31.8075008392334,31.672500610351562,131369200.0,28.965940475463867,0.3699989318847656,0.011682024619295087
2015-03-25,31.704999923706055,30.844999313354492,31.635000228881836,30.844999313354492,206620800.0,28.209152221679688,0.8600006103515625,0.027881362603215266
2015-03-26,31.219999313354492,30.649999618530273,30.690000534057617,31.059999465942383,190291600.0,28.405780792236328,0.5699996948242188,0.018351568081938618
2015-03-27,31.174999237060547,30.727500915527344,31.142499923706055,30.8125,158184800.0,28.179433822631836,0.4474983215332031,0.014523272098440669
2015-03-30,31.600000381469727,31.0,31.012500762939453,31.592500686645508,188398800.0,28.892780303955078,0.6000003814697266,0.018991860993243667
2015-03-31,31.622499465942383,31.09000015258789,31.522499084472656,31.107500076293945,168362400.0,28.449222564697266,0.5324993133544922,0.017118036230763953
2015-04-01,31.280000686645508,30.774999618530273,31.204999923706055,31.0625,162485600.0,28.408071517944336,0.5050010681152344,0.0162575796576333
2015-04-02,31.389999389648438,31.047500610351562,31.25749969482422,31.329999923706055,128880400.0,28.652708053588867,0.342498779296875,0.010931975107913135
2015-04-06,31.877500534057617,31.082500457763672,31.11750030517578,31.837499618530273,148776000.0,29.116844177246094,0.7950000762939453,0.02497055628800806
2015-04-07,32.029998779296875,31.4950008392334,31.90999984741211,31.502500534057617,140049200.0,28.810468673706055,0.5349979400634766,0.01698271346698608
2015-04-08,31.600000381469727,31.24250030517578,31.462499618530273,31.399999618530273,149316800.0,28.716732025146484,0.3575000762939453,0.011385352886532253
2015-04-09,31.645000457763672,31.165000915527344,31.462499618530273,31.639999389648438,129936000.0,28.936214447021484,0.4799995422363281,0.015170655862697903
2015-04-10,31.802499771118164,31.315000534057617,31.487499237060547,31.774999618530273,160752000.0,29.059680938720703,0.4874992370605469,0.015342226370201157
2015-04-13,32.14250183105469,31.65250015258789,32.092498779296875,31.712499618530273,145460400.0,29.00252342224121,0.4900016784667969,0.015451373570706445
2015-04-14,31.822500228881836,31.477500915527344,31.75,31.575000762939453,102098400.0,28.876771926879883,0.3449993133544922,0.010926343785221011
2015-04-15,31.782499313354492,31.502500534057617,31.602500915527344,31.69499969482422,115881600.0,28.986515045166016,0.279998779296875,0.008834162549072329
2015-04-16,31.774999618530273,31.52750015258789,31.56999969482422,31.542499542236328,113476000.0,28.847049713134766,0.2474994659423828,0.00784653941616053
2015-04-17,31.53499984741211,31.114999771118164,31.387500762939453,31.1875,207828000.0,28.522384643554688,0.4200000762939453,0.013466936314034318
2015-04-20,32.029998779296875,31.292499542236328,31.392499923706055,31.899999618530273,188217200.0,29.173999786376953,0.7374992370605469,0.023119098616921102
2015-04-21,32.04999923706055,31.667499542236328,32.025001525878906,31.727500915527344,129740400.0,29.016244888305664,0.38249969482421875,0.012055777599458662
2015-04-22,32.217498779296875,31.579999923706055,31.747499465942383,32.154998779296875,150618000.0,29.407215118408203,0.6374988555908203,0.019825808732459867
2015-04-23,32.60499954223633,32.03499984741211,32.07500076293945,32.41749954223633,183083600.0,29.647281646728516,0.5699996948242188,0.01758308638461069
2015-04-24,32.657501220703125,32.307498931884766,32.622501373291016,32.56999969482422,178103600.0,29.786746978759766,0.3500022888183594,0.010746155729131896
2015-04-27,33.282501220703125,32.787498474121094,33.07749938964844,33.162498474121094,387816800.0,30.328609466552734,0.49500274658203125,0.014926581812534869
2015-04-28,33.6349983215332,32.39250183105469,33.6150016784668,32.63999938964844,475696000.0,29.85076141357422,1.2424964904785156,0.038066682405409766
2015-04-29,32.897499084472656,32.07500076293945,32.540000915527344,32.15999984741211,253544400.0,29.411785125732422,0.8224983215332031,0.025575196686432475
2015-04-30,32.15999984741211,31.145000457763672,32.15999984741211,31.287500381469727,332781600.0,28.613842010498047,1.0149993896484375,0.03244105081176696
2015-05-01,32.532501220703125,31.325000762939453,31.524999618530273,32.23749923706055,234050400.0,29.48265838623047,1.2075004577636719,0.03745639352743334
2015-05-04,32.64250183105469,32.064998626708984,32.375,32.17499923706055,203953200.0,29.425500869750977,0.5775032043457031,0.01794881796548763
2015-05-05,32.11249923706055,31.44499969482422,32.037498474121094,31.450000762939453,197085600.0,28.76245880126953,0.6674995422363281,0.02122415027165617
2015-05-06,31.6875,30.84000015258789,31.639999389648438,31.252500534057617,288564000.0,28.58183479309082,0.8474998474121094,0.027117825227729885
2015-05-07,31.520000457763672,31.0049991607666,31.1924991607666,31.315000534057617,175763600.0,28.75861930847168,0.5150012969970703,0.016445833888361724
2015-05-08,31.905000686645508,31.52750015258789,31.670000076293945,31.905000686645508,222201600.0,29.300458908081055,0.3775005340576172,0.011832017738072884
2015-05-11,31.889999389648438,31.407499313354492,31.84749984741211,31.579999923706055,168143200.0,29.00198745727539,0.4825000762939453,0.01527865983089343
2015-05-12,31.719999313354492,31.204999923706055,31.399999618530273,31.467500686645508,192640000.0,28.8986759185791,0.5149993896484375,0.016366072246309607
2015-05-13,31.797500610351562,31.467500686645508,31.537500381469727,31.502500534057617,138776800.0,28.930809020996094,0.3299999237060547,0.010475356499059146
2015-05-14,32.23749923706055,31.790000915527344,31.852500915527344,32.23749923706055,180814000.0,29.605806350708008,0.4474983215332031,0.013881297623072284
2015-05-15,32.372501373291016,32.0525016784668,32.26750183105469,32.192501068115234,152832000.0,29.56448745727539,0.31999969482421875,0.00994019365401713
2015-05-18,32.68000030517578,32.09000015258789,32.095001220703125,32.54750061035156,203531600.0,29.890506744384766,0.5900001525878906,0.018127356679432525
2015-05-19,32.720001220703125,32.40999984741211,32.67250061035156,32.51750183105469,178532800.0,29.862958908081055,0.3100013732910156,0.00953336990343335
2015-05-20,32.744998931884766,32.334999084472656,32.5,32.51499938964844,145819600.0,29.860654830932617,0.4099998474121094,0.012609560360091473
2015-05-21,32.907501220703125,32.45750045776367,32.51750183105469,32.84749984741211,158921600.0,30.1660213470459,0.4500007629394531,0.013699696020393054
2015-05-22,33.24250030517578,32.849998474121094,32.900001525878906,33.1349983215332,182384000.0,30.4300479888916,0.3925018310546875,0.011845536470107956
2015-05-26,33.227500915527344,32.279998779296875,33.150001525878906,32.404998779296875,282790400.0,29.75963020324707,0.9475021362304688,0.029239381944856462
2015-05-27,33.064998626708984,32.51250076293945,32.584999084472656,33.0099983215332,183332800.0,30.315250396728516,0.5524978637695312,0.016737288453878042
2015-05-28,32.98749923706055,32.775001525878906,32.96500015258789,32.94499969482422,122933200.0,30.25554656982422,0.21249771118164062,0.0064500747655197215
2015-05-29,32.86249923706055,32.474998474121094,32.807498931884766,32.56999969482422,203538000.0,29.911170959472656,0.3875007629394531,0.011897475178700474
2015-06-01,32.84749984741211,32.51250076293945,32.56999969482422,32.6349983215332,128451200.0,29.97086524963379,0.33499908447265625,0.010265025331765296
2015-06-02,32.665000915527344,32.33000183105469,32.46500015258789,32.4900016784668,134670400.0,29.837703704833984,0.33499908447265625,0.010310836170091108
2015-06-03,32.73500061035156,32.474998474121094,32.665000915527344,32.529998779296875,123934000.0,29.874433517456055,0.26000213623046875,0.007992688164376519
2015-06-04,32.64500045776367,32.227500915527344,32.39500045776367,32.34000015258789,153800400.0,29.699947357177734,0.4174995422363281,0.012909695122648886
2015-06-05,32.42250061035156,32.09000015258789,32.375,32.162498474121094,142507200.0,29.53693389892578,0.3325004577636719,0.010338141423658727
2015-06-08,32.3025016784668,31.707500457763672,32.224998474121094,31.950000762939453,210699200.0,29.34178352355957,0.595001220703125,0.018622885962284525
2015-06-09,32.02000045776367,31.405000686645508,31.674999237060547,31.854999542236328,224301600.0,29.254535675048828,0.6149997711181641,0.01930622445317383
2015-06-10,32.334999084472656,31.962499618530273,31.979999542236328,32.220001220703125,156349200.0,29.589736938476562,0.3724994659423828,0.011561125134378685
2015-06-11,32.54499816894531,32.119998931884766,32.29499816894531,32.147499084472656,141563600.0,29.523157119750977,0.4249992370605469,0.013220289265544232
2015-06-12,32.08250045776367,31.77750015258789,32.04750061035156,31.792499542236328,147544800.0,29.197141647338867,0.30500030517578125,0.009593467313590377
2015-06-15,31.809999465942383,31.427499771118164,31.524999618530273,31.729999542236328,175955600.0,29.139741897583008,0.38249969482421875,0.01205482824905393
2015-06-16,31.962499618530273,31.592500686645508,31.75749969482422,31.899999618530273,125976400.0,29.295862197875977,0.3699989318847656,0.011598712736969385
2015-06-17,31.969999313354492,31.684999465942383,31.93000030517578,31.825000762939453,131672400.0,29.22698211669922,0.2849998474121094,0.008955218871321904
2015-06-18,32.07749938964844,31.80500030517578,31.8075008392334,31.969999313354492,141628800.0,29.360151290893555,0.27249908447265625,0.008523587435887997
2015-06-19,31.954999923706055,31.600000381469727,31.927499771118164,31.649999618530273,218867600.0,29.066267013549805,0.3549995422363281,0.01121641537172357
2015-06-22,32.01499938964844,31.770000457763672,31.872499465942383,31.90250015258789,136157200.0,29.29815673828125,0.24499893188476562,0.007679615412991123
2015-06-23,31.90250015258789,31.719999313354492,31.8700008392334,31.75749969482422,121075600.0,29.164993286132812,0.18250083923339844,0.005746700495541282
2015-06-24,32.45000076293945,31.780000686645508,31.802499771118164,32.02750015258789,221123600.0,29.41295623779297,0.6700000762939453,0.020919524568008094
2015-06-25,32.29999923706055,31.875,32.21500015258789,31.875,127752400.0,29.272903442382812,0.4249992370605469,0.01333330939797794
2015-06-26,31.997499465942383,31.627500534057617,31.917499542236328,31.6875,176267200.0,29.100709915161133,0.3699989318847656,0.011676494891826924
2015-06-29,31.61750030517578,31.1200008392334,31.364999771118164,31.13249969482422,196645600.0,28.59101676940918,0.4974994659423828,0.015980068122351646
2015-06-30,31.530000686645508,31.21500015258789,31.392499923706055,31.357500076293945,177482800.0,28.797649383544922,0.3150005340576172,0.010045460680577514
2015-07-01,31.735000610351562,31.497499465942383,31.725000381469727,31.649999618530273,120955200.0,29.066267013549805,0.2375011444091797,0.007503985695789038
2015-07-02,31.672500610351562,31.4424991607666,31.607500076293945,31.610000610351562,108844000.0,29.029537200927734,0.23000144958496094,0.007276224142483586
2015-07-06,31.5575008392334,31.212499618530273,31.235000610351562,31.5,112241600.0,28.92851448059082,0.345001220703125,0.010952419704861112
2015-07-07,31.537500381469727,30.9424991607666,31.47249984741211,31.422500610351562,187787200.0,28.857349395751953,0.595001220703125,0.01893551465178786
2015-07-08,31.15999984741211,30.635000228881836,31.1200008392334,30.642499923706055,243046400.0,28.141019821166992,0.5249996185302734,0.01713305441257801
2015-07-09,31.014999389648438,29.80500030517578,30.962499618530273,30.017499923706055,314380000.0,27.567041397094727,1.2099990844726562,0.04030978887475803
2015-07-10,30.962499618530273,30.302499771118164,30.485000610351562,30.81999969482422,245418000.0,28.304025650024414,0.6599998474121094,0.021414661062535537
2015-07-13,31.440000534057617,31.079999923706055,31.25749969482422,31.415000915527344,165762000.0,28.85045623779297,0.3600006103515625,0.011459512967056025
2015-07-14,31.592500686645508,31.260000228881836,31.510000228881836,31.40250015258789,127072400.0,28.838979721069336,0.3325004577636719,0.010588343480551514
2015-07-15,31.787500381469727,31.395000457763672,31.43000030517578,31.704999923706055,134596800.0,29.116783142089844,0.3924999237060547,0.012379748451365859
2015-07-16,32.14250183105469,31.837499618530273,31.934999465942383,32.127498626708984,144889600.0,29.504793167114258,0.30500221252441406,0.009493493909010784
2015-07-17,32.404998779296875,32.07749938964844,32.27000045776367,32.404998779296875,184658800.0,29.75963020324707,0.3274993896484375,0.010106446597296974
2015-07-20,33.24250030517578,32.67499923706055,32.74250030517578,33.01750183105469,235600800.0,30.322134017944336,0.5675010681152344,0.01718788632220109
2015-07-21,33.22999954223633,32.58000183105469,33.212501525878906,32.6875,307025600.0,30.01907730102539,0.6499977111816406,0.01988520722544216
2015-07-22,31.375,30.497499465942383,30.497499465942383,31.30500030517578,461802400.0,28.74943733215332,0.8775005340576172,0.02803068281435335
2015-07-23,31.772499084472656,31.264999389648438,31.549999237060547,31.290000915527344,203998000.0,28.735660552978516,0.5074996948242188,0.016219229145895527
2015-07-24,31.434999465942383,30.975000381469727,31.329999923706055,31.125,168649200.0,28.584131240844727,0.45999908447265625,0.014779087051330322
2015-07-27,30.90250015258789,30.530000686645508,30.772499084472656,30.6924991607666,177822000.0,28.186941146850586,0.3724994659423828,0.012136498366954063
2015-07-28,30.977500915527344,30.637500762939453,30.844999313354492,30.844999313354492,134472400.0,28.32698631286621,0.3400001525878906,0.01102286140887304
2015-07-29,30.875,30.5674991607666,30.787500381469727,30.747499465942383,148046800.0,28.23744773864746,0.30750083923339844,0.010000840542301765
2015-07-30,30.642499923706055,30.427499771118164,30.579999923706055,30.592500686645508,134513200.0,28.09510040283203,0.21500015258789062,0.007027871137116433
2015-07-31,30.65999984741211,30.227500915527344,30.649999618530273,30.325000762939453,171540000.0,27.849435806274414,0.4324989318847656,0.014262124352963835
2015-08-03,30.642499923706055,29.3799991607666,30.375,29.610000610351562,279904000.0,27.192806243896484,1.2625007629394531,0.042637647312242434
2015-08-04,29.424999237060547,28.3125,29.354999542236328,28.65999984741211,496554400.0,26.320362091064453,1.1124992370605469,0.038817140369280266
2015-08-05,29.360000610351562,28.024999618530273,28.237499237060547,28.850000381469727,397250400.0,26.49484634399414,1.335000991821289,0.04627386392267629
2015-08-06,29.125,28.530000686645508,28.99250030517578,28.782499313354492,211612000.0,26.55250358581543,0.5949993133544922,0.02067226014241316
2015-08-07,29.0625,28.625,28.645000457763672,28.8799991607666,154681600.0,26.64244842529297,0.4375,0.01514889240697564
2015-08-10,29.997499465942383,29.13249969482422,29.13249969482422,29.93000030517578,219806400.0,27.611099243164062,0.8649997711181641,0.028900760517819975
2015-08-11,29.545000076293945,28.332500457763672,29.452499389648438,28.372499465942383,388331200.0,26.174270629882812,1.2124996185302734,0.04273503009439569
2015-08-12,28.854999542236328,27.407499313354492,28.13249969482422,28.809999465942383,404870000.0,26.5778751373291,1.447500228881836,0.050242980066452
2015-08-13,29.100000381469727,28.635000228881836,29.010000228881836,28.787500381469727,194143200.0,26.5571231842041,0.4650001525878906,0.01615284920281607
2015-08-14,29.077499389648438,28.502500534057617,28.579999923706055,28.989999771118164,171718000.0,26.743925094604492,0.5749988555908203,0.019834386344620595
2015-08-17,29.412500381469727,28.875,29.010000228881836,29.290000915527344,163538800.0,27.02068519592285,0.5375003814697266,0.018350985478624023
2015-08-18,29.360000610351562,29.002500534057617,29.107500076293945,29.125,138242800.0,26.868467330932617,0.3575000762939453,0.012274680731122586
2015-08-19,29.1299991607666,28.670000076293945,29.024999618530273,28.752500534057617,193146000.0,26.524829864501953,0.45999908447265625,0.01599857667780174
2015-08-20,28.587499618530273,27.907499313354492,28.520000457763672,28.162500381469727,274006400.0,25.98053550720215,0.6800003051757812,0.02414559417540943
2015-08-21,27.975000381469727,26.412500381469727,27.607500076293945,26.440000534057617,513102000.0,24.391490936279297,1.5625,0.05909606537213677
2015-08-24,27.200000762939453,23.0,23.717500686645508,25.780000686645508,648825200.0,23.78263282775879,4.200000762939453,0.16291701516963603
2015-08-25,27.77750015258789,25.875,27.77750015258789,25.934999465942383,414406400.0,23.92562484741211,1.9025001525878906,0.07335647548735204
2015-08-26,27.47249984741211,26.262500762939453,26.772499084472656,27.422500610351562,387098400.0,25.297876358032227,1.2099990844726562,0.04412431607407461
2015-08-27,28.309999465942383,27.5049991607666,28.0575008392334,28.229999542236328,338464400.0,26.042810440063477,0.8050003051757812,0.028515774645032483
2015-08-28,28.327499389648438,27.885000228881836,28.042499542236328,28.322500228881836,212657600.0,26.128145217895508,0.44249916076660156,0.015623591038596358
2015-08-31,28.63249969482422,28.0,28.00749969482422,28.190000534057617,224917200.0,26.00591468811035,0.6324996948242188,0.02243702315862205
2015-09-01,27.969999313354492,26.84000015258789,27.537500381469727,26.93000030517578,307383600.0,24.84353256225586,1.1299991607666016,0.04196060705388936
2015-09-02,28.084999084472656,27.282499313354492,27.5575008392334,28.084999084472656,247555200.0,25.909042358398438,0.8024997711181641,0.028573964652961012
2015-09-03,28.19499969482422,27.510000228881836,28.122499465942383,27.592500686645508,212935600.0,25.454700469970703,0.6849994659423828,0.024825566690079515
2015-09-04,27.612499237060547,27.127500534057617,27.24250030517578,27.3174991607666,199985200.0,25.201007843017578,0.4849987030029297,0.0177541399433622
2015-09-08,28.139999389648438,27.579999923706055,27.9375,28.077499389648438,219374400.0,25.902128219604492,0.5599994659423828,0.019944777067606043
2015-09-09,28.5049991607666,27.4424991607666,28.440000534057617,27.537500381469727,340043200.0,25.403963088989258,1.0625,0.03858374889810142
2015-09-10,28.31999969482422,27.475000381469727,27.5674991607666,28.142499923706055,251571200.0,25.962093353271484,0.8449993133544922,0.03002573743076394
2015-09-11,28.552499771118164,27.940000534057617,27.947500228881836,28.552499771118164,199662000.0,26.340322494506836,0.6124992370605469,0.02145168521041758
2015-09-14,29.22249984741211,28.71500015258789,29.145000457763672,28.827499389648438,233453600.0,26.59401512145996,0.5074996948242188,0.017604707503920892
2015-09-15,29.13249969482422,28.604999542236328,28.982500076293945,29.06999969482422,173364800.0,26.817729949951172,0.5275001525878906,0.018145860272637346
2015-09-16,29.135000228881836,28.860000610351562,29.0625,29.102500915527344,148694000.0,26.84771728515625,0.27499961853027344,0.009449346615553243
2015-09-17,29.122499465942383,28.43000030517578,28.915000915527344,28.479999542236328,256450400.0,26.2734432220459,0.6924991607666016,0.02431527991212266
2015-09-18,28.575000762939453,27.967500686645508,28.052499771118164,28.362499237060547,297141200.0,26.1650447845459,0.6075000762939453,0.021419130635009085
2015-09-21,28.842500686645508,28.415000915527344,28.417499542236328,28.802499771118164,200888000.0,26.570955276489258,0.42749977111816406,0.01484245376322653
2015-09-22,28.545000076293945,28.1299991607666,28.344999313354492,28.350000381469727,201384800.0,26.153520584106445,0.41500091552734375,0.014638480068543448
2015-09-23,28.68000030517578,28.325000762939453,28.407499313354492,28.579999923706055,143026800.0,26.365690231323242,0.3549995422363281,0.012421257634149576
2015-09-24,28.875,28.092500686645508,28.3125,28.75,200878000.0,26.522523880004883,0.7824993133544922,0.027217367421025814
2015-09-25,29.172500610351562,28.5049991607666,29.110000610351562,28.677499771118164,224607600.0,26.455642700195312,0.6675014495849609,0.023276138258650377
2015-09-28,28.642499923706055,28.110000610351562,28.462499618530273,28.110000610351562,208436000.0,25.932111740112305,0.5324993133544922,0.01894341166105839
2015-09-29,28.377500534057617,26.96500015258789,28.207500457763672,27.264999389648438,293461600.0,25.152576446533203,1.4125003814697266,0.05180636028203996
2015-09-30,27.885000228881836,27.1825008392334,27.542499542236328,27.575000762939453,265892000.0,25.43856430053711,0.7024993896484375,0.025475951775587626
2015-10-01,27.405000686645508,26.827499389648438,27.267499923706055,27.395000457763672,255716400.0,25.27250862121582,0.5775012969970703,0.021080536132402506
2015-10-02,27.752500534057617,26.887500762939453,27.002500534057617,27.594999313354492,232079200.0,25.457008361816406,0.8649997711181641,0.031346250865806356
2015-10-05,27.842500686645508,27.267499923706055,27.469999313354492,27.69499969482422,208258800.0,25.54926300048828,0.5750007629394531,0.020761898150405547
2015-10-06,27.934999465942383,27.4424991607666,27.657499313354492,27.827499389648438,192787200.0,25.671497344970703,0.49250030517578125,0.017698331362069372
2015-10-07,27.9424991607666,27.352500915527344,27.934999465942383,27.69499969482422,187062400.0,25.54926300048828,0.5899982452392578,0.021303421258008524
2015-10-08,27.547500610351562,27.052499771118164,27.547500610351562,27.375,247918400.0,25.25405502319336,0.49500083923339844,0.018082222437749713
2015-10-09,28.06999969482422,27.372499465942383,27.5,28.030000686645508,211064400.0,25.858308792114258,0.6975002288818359,0.02488406035659321
2015-10-12,28.1875,27.860000610351562,28.1825008392334,27.899999618530273,121868800.0,25.738378524780273,0.3274993896484375,0.011738329538575443
2015-10-13,28.112499237060547,27.670000076293945,27.704999923706055,27.947500228881836,132197200.0,25.782197952270508,0.44249916076660156,0.015833228630205316
2015-10-14,27.8799991607666,27.389999389648438,27.822500228881836,27.552499771118164,177849600.0,25.417804718017578,0.48999977111816406,0.017784221946779765
2015-10-15,28.024999618530273,27.622499465942383,27.732500076293945,27.96500015258789,150694000.0,25.79834747314453,0.4025001525878906,0.014392996616903044
2015-10-16,28.0,27.63249969482422,27.94499969482422,27.760000228881836,156930400.0,25.609230041503906,0.36750030517578125,0.013238483506690664
2015-10-19,27.9375,27.52750015258789,27.700000762939453,27.9325008392334,119036800.0,25.76836585998535,0.4099998474121094,0.014678236287251168
2015-10-20,28.542499542236328,27.704999923706055,27.834999084472656,28.4424991607666,195871200.0,26.238849639892578,0.8374996185302734,0.02944535969910531
2015-10-21,28.895000457763672,28.424999237060547,28.5,28.440000534057617,167180800.0,26.236543655395508,0.470001220703125,0.0165260623022945
2015-10-22,28.875,28.524999618530273,28.582500457763672,28.875,166616400.0,26.637842178344727,0.35000038146972656,0.012121225332284902
2015-10-23,29.8075008392334,29.082500457763672,29.174999237060547,29.770000457763672,237467600.0,27.46349334716797,0.7250003814697266,0.02435338832118341
2015-10-26,29.532499313354492,28.729999542236328,29.520000457763672,28.81999969482422,265335200.0,26.587100982666016,0.8024997711181641,0.027845238709779892
2015-10-27,29.135000228881836,28.497499465942383,28.850000381469727,28.637500762939453,279537600.0,26.418745040893555,0.6375007629394531,0.022261047436250434
2015-10-28,29.825000762939453,29.014999389648438,29.232500076293945,29.8174991607666,342205600.0,27.50731658935547,0.8100013732910156,0.027165302124223842
2015-10-29,30.172500610351562,29.5674991607666,29.674999237060547,30.13249969482422,204909200.0,27.797910690307617,0.6050014495849609,0.02007803719280815
2015-10-30,30.30500030517578,29.862499237060547,30.247499465942383,29.875,197461200.0,27.56036376953125,0.4425010681152344,0.014811751233982741
2015-11-02,30.34000015258789,29.90250015258789,30.200000762939453,30.295000076293945,128813200.0,27.94782257080078,0.4375,0.014441326915273616
2015-11-03,30.872499465942383,30.174999237060547,30.197500228881836,30.642499923706055,182076000.0,28.26839828491211,0.6975002288818359,0.022762510585574863
2015-11-04,30.954999923706055,30.405000686645508,30.782499313354492,30.5,179544400.0,28.136940002441406,0.5499992370605469,0.0180327618708376
2015-11-05,30.672500610351562,30.045000076293945,30.462499618530273,30.229999542236328,158210800.0,28.007230758666992,0.6275005340576172,0.020757543617587384
2015-11-06,30.452499389648438,30.155000686645508,30.27750015258789,30.264999389648438,132169200.0,28.039655685424805,0.2974987030029297,0.009829793788288773
2015-11-09,30.452499389648438,30.012500762939453,30.239999771118164,30.142499923706055,135485600.0,27.926164627075195,0.4399986267089844,0.014597283829233433
2015-11-10,29.517499923706055,29.014999389648438,29.225000381469727,29.1924991607666,236511600.0,27.046016693115234,0.5025005340576172,0.017213344129609676
2015-11-11,29.354999542236328,28.802499771118164,29.092500686645508,29.02750015258789,180872000.0,26.893150329589844,0.5524997711181641,0.019033666978343192
2015-11-12,29.204999923706055,28.912500381469727,29.065000534057617,28.93000030517578,130102400.0,26.802820205688477,0.2924995422363281,0.010110595891836126
2015-11-13,28.892499923706055,28.0674991607666,28.799999237060547,28.084999084472656,183249600.0,26.019947052001953,0.8250007629394531,0.029375139392316056
2015-11-16,28.559999465942383,27.75,27.844999313354492,28.545000076293945,152426800.0,26.44612693786621,0.8099994659423828,0.028376229244261635
2015-11-17,28.762500762939453,28.329999923706055,28.729999542236328,28.422500610351562,110467600.0,26.33263397216797,0.43250083923339844,0.015216846862372142
2015-11-18,29.372499465942383,28.875,28.940000534057617,29.322500228881836,186698800.0,27.166460037231445,0.4974994659423828,0.016966474961516407
2015-11-19,29.9375,29.190000534057617,29.40999984741211,29.69499969482422,173183200.0,27.511568069458008,0.7474994659423828,0.025172570251707077
2015-11-20,29.979999542236328,29.712499618530273,29.799999237060547,29.825000762939453,137148400.0,27.632015228271484,0.2674999237060547,0.008968982962724685
2015-11-23,29.9325008392334,29.334999084472656,29.8174991607666,29.4375,129930000.0,27.27300453186035,0.5975017547607422,0.02029729952478105
2015-11-24,29.837499618530273,29.280000686645508,29.332500457763672,29.719999313354492,171212800.0,27.534730911254883,0.5574989318847656,0.01875837633799194
2015-11-25,29.8075008392334,29.479999542236328,29.802499771118164,29.50749969482422,85553200.0,27.33785629272461,0.3275012969970703,0.011098917237454582
2015-11-27,29.602500915527344,29.399999618530273,29.572500228881836,29.452499389648438,52185600.0,27.286903381347656,0.2025012969970703,0.006875521643105193
2015-11-30,29.852500915527344,29.4375,29.497499465942383,29.575000762939453,156721200.0,27.400392532348633,0.41500091552734375,0.014032152318568424
2015-12-01,29.702499389648438,29.21500015258789,29.6875,29.334999084472656,139409600.0,27.178037643432617,0.4874992370605469,0.01661834846685186
2015-12-02,29.52750015258789,29.020000457763672,29.334999084472656,29.06999969482422,133546400.0,26.93252182006836,0.5074996948242188,0.017457850022426273
2015-12-03,29.197500228881836,28.55500030517578,29.137500762939453,28.799999237060547,166278000.0,26.6823787689209,0.6424999237060547,0.022309025719669813
2015-12-04,29.8125,28.77750015258789,28.822500228881836,29.75749969482422,231108000.0,27.569473266601562,1.0349998474121094,0.0347811428388296
2015-12-07,29.96500015258789,29.452499389648438,29.7450008392334,29.56999969482422,128336800.0,27.395763397216797,0.5125007629394531,0.017331781137257116
2015-12-08,29.649999618530273,29.21500015258789,29.3799991607666,29.5575008392334,137238000.0,27.384180068969727,0.4349994659423828,0.014717058397744596
2015-12-09,29.422500610351562,28.770000457763672,29.40999984741211,28.905000686645508,185445600.0,26.779653549194336,0.6525001525878906,0.022573953886441327
2015-12-10,29.235000610351562,28.877500534057617,29.010000228881836,29.042499542236328,116850800.0,26.90704917907715,0.3575000762939453,0.012309549175477653
2015-12-11,28.84749984741211,28.212499618530273,28.797500610351562,28.295000076293945,187544800.0,26.21451187133789,0.6350002288818359,0.022442135612993
2015-12-14,28.170000076293945,27.447500228881836,28.045000076293945,28.1200008392334,257274800.0,26.052379608154297,0.7224998474121094,0.02569345042138363
2015-12-15,28.200000762939453,27.587499618530273,27.985000610351562,27.622499465942383,213292400.0,25.591459274291992,0.6125011444091797,0.022173994252923167
2015-12-16,27.997499465942383,27.200000762939453,27.767499923706055,27.834999084472656,224954000.0,25.788330078125,0.7974987030029297,0.028650933329751844
2015-12-17,28.0625,27.2450008392334,28.0049991607666,27.2450008392334,179091200.0,25.241716384887695,0.8174991607666016,0.030005473869884593
2015-12-18,27.3799991607666,26.452499389648438,27.227500915527344,26.50749969482422,385813200.0,24.558443069458008,0.9274997711181641,0.03499008891054576
2015-12-21,26.842500686645508,26.392499923706055,26.81999969482422,26.832500457763672,190362400.0,24.859542846679688,0.4500007629394531,0.016770735312118503
2015-12-22,26.93000030517578,26.612499237060547,26.850000381469727,26.8075008392334,131157600.0,24.836381912231445,0.3175010681152344,0.011843739930078234
2015-12-23,27.212499618530273,26.799999237060547,26.8174991607666,27.15250015258789,130629600.0,25.156017303466797,0.41250038146972656,0.01519198523714625
2015-12-24,27.25,26.987499237060547,27.25,27.00749969482422,54281600.0,25.021677017211914,0.2625007629394531,0.009719550713898902
2015-12-28,26.922500610351562,26.545000076293945,26.897499084472656,26.704999923706055,106816800.0,24.741418838500977,0.3775005340576172,0.014135949639996426
2015-12-29,27.357500076293945,26.71500015258789,26.739999771118164,27.184999465942383,123724800.0,25.186124801635742,0.6424999237060547,0.023634354840101596
2015-12-30,27.174999237060547,26.795000076293945,27.145000457763672,26.829999923706055,100855200.0,24.857229232788086,0.37999916076660156,0.014163218853789393
2015-12-31,26.75749969482422,26.204999923706055,26.752500534057617,26.315000534057617,163649200.0,24.38009262084961,0.5524997711181641,0.02099562074502348
2016-01-04,26.342500686645508,25.5,25.65250015258789,26.337499618530273,270597600.0,24.400941848754883,0.8425006866455078,0.03198863593158819
2016-01-05,26.462499618530273,25.602500915527344,26.4375,25.677499771118164,223164000.0,23.789470672607422,0.8599987030029297,0.03349230690950094
2016-01-06,25.592500686645508,24.967500686645508,25.139999389648438,25.174999237060547,273829600.0,23.323915481567383,0.625,0.024826217236977186
2016-01-07,25.032499313354492,24.107500076293945,24.670000076293945,24.112499237060547,324377600.0,22.33953857421875,0.9249992370605469,0.03836181508878338
2016-01-08,24.77750015258789,24.190000534057617,24.637500762939453,24.239999771118164,283192000.0,22.457672119140625,0.5874996185302734,0.024236783171519508
2016-01-11,24.764999389648438,24.334999084472656,24.74250030517578,24.63249969482422,198957600.0,22.821304321289062,0.43000030517578125,0.017456624804754708
2016-01-12,25.172500610351562,24.709999084472656,25.137500762939453,24.989999771118164,196616800.0,23.15252113342285,0.46250152587890625,0.018507464190273253
2016-01-13,25.297500610351562,24.325000762939453,25.079999923706055,24.34749984741211,249758400.0,22.55726432800293,0.9724998474121094,0.03994249321313688
2016-01-14,25.1200008392334,23.934999465942383,24.489999771118164,24.8799991607666,252680400.0,23.05060577392578,1.1850013732910156,0.0476286741665028
2016-01-15,24.427499771118164,23.84000015258789,24.049999237060547,24.282499313354492,319335600.0,22.497039794921875,0.5874996185302734,0.0241943636422619
2016-01-19,24.662500381469727,23.875,24.602500915527344,24.165000915527344,212350800.0,22.38818359375,0.7875003814697266,0.03258846892754364
2016-01-20,24.547500610351562,23.354999542236328,23.774999618530273,24.197500228881836,289337600.0,22.41829490661621,1.1925010681152344,0.0492819942901325
2016-01-21,24.469999313354492,23.735000610351562,24.264999389648438,24.075000762939453,208646000.0,22.304800033569336,0.7349987030029297,0.030529540174900893
2016-01-22,25.364999771118164,24.592500686645508,24.657499313354492,25.354999542236328,263202000.0,23.490686416625977,0.7724990844726562,0.030467327880871312
2016-01-25,25.38249969482422,24.802499771118164,25.3799991607666,24.860000610351562,207178000.0,23.032081604003906,0.5799999237060547,0.023330648007488224
2016-01-26,25.219999313354492,24.517499923706055,24.982500076293945,24.997499465942383,300308000.0,23.159467697143555,0.7024993896484375,0.02810278646492428
2016-01-27,24.157499313354492,23.334999084472656,24.010000228881836,23.354999542236328,533478800.0,21.637739181518555,0.8225002288818359,0.0352173087134678
2016-01-28,23.6299991607666,23.09749984741211,23.447500228881836,23.522499084472656,222715200.0,21.792924880981445,0.5324993133544922,0.022637871573178134
2016-01-29,24.334999084472656,23.587499618530273,23.697500228881836,24.334999084472656,257666000.0,22.54568099975586,0.7474994659423828,0.030717053382563596
2016-02-01,24.177499771118164,23.850000381469727,24.11750030517578,24.107500076293945,163774000.0,22.334911346435547,0.3274993896484375,0.013584958565259252
2016-02-02,24.010000228881836,23.56999969482422,23.854999542236328,23.6200008392334,149428800.0,21.883258819580078,0.4400005340576172,0.018628303066220285
2016-02-03,24.209999084472656,23.520000457763672,23.75,24.087499618530273,183857200.0,22.316381454467773,0.6899986267089844,0.028645506492428766
2016-02-04,24.332500457763672,23.797500610351562,23.96500015258789,24.149999618530273,185886800.0,22.49569320678711,0.5349998474121094,0.02215320314132032
2016-02-05,24.229999542236328,23.422500610351562,24.1299991607666,23.5049991607666,185672400.0,21.894878387451172,0.8074989318847656,0.03435434846696797
2016-02-08,23.924999237060547,23.260000228881836,23.282499313354492,23.752500534057617,216085600.0,22.12542152404785,0.6649990081787109,0.027997010555802303
2016-02-09,23.985000610351562,23.482500076293945,23.572500228881836,23.747499465942383,177324800.0,22.12076759338379,0.5025005340576172,0.021160145082992056
2016-02-10,24.087499618530273,23.524999618530273,23.979999542236328,23.5674991607666,169374400.0,21.953094482421875,0.5625,0.023867615149273356
2016-02-11,23.68000030517578,23.147499084472656,23.447500228881836,23.424999237060547,200298800.0,21.820358276367188,0.532501220703125,0.022732176650860168
2016-02-12,23.625,23.252500534057617,23.547500610351562,23.497499465942383,161405600.0,21.887893676757812,0.3724994659423828,0.01585272792461551
2016-02-16,24.212499618530273,23.65250015258789,23.7549991607666,24.15999984741211,196231600.0,22.505006790161133,0.5599994659423828,0.023178785988376856
2016-02-17,24.552499771118164,24.037500381469727,24.167499542236328,24.530000686645508,179452800.0,22.84966468811035,0.5149993896484375,0.02099467489737213
2016-02-18,24.72249984741211,24.022499084472656,24.709999084472656,24.065000534057617,156084000.0,22.416515350341797,0.7000007629394531,0.029087918030535172
2016-02-19,24.190000534057617,23.950000762939453,24.0,24.010000228881836,141496800.0,22.36528205871582,0.23999977111816406,0.009995825440662274
2016-02-22,24.225000381469727,23.979999542236328,24.077499389648438,24.219999313354492,137123200.0,22.56089973449707,0.24500083923339844,0.010115641873627517
2016-02-23,24.125,23.637500762939453,24.100000381469727,23.672500610351562,127770400.0,22.0509033203125,0.4874992370605469,0.02059348292285489
2016-02-24,24.094999313354492,23.329999923706055,23.4950008392334,24.024999618530273,145022800.0,22.37925148010254,0.7649993896484375,0.03184180652633185
2016-02-25,24.190000534057617,23.8125,24.012500762939453,24.190000534057617,110330800.0,22.532957077026367,0.3775005340576172,0.015605643891000586
2016-02-26,24.5049991607666,24.145000457763672,24.299999237060547,24.227500915527344,115964400.0,22.567882537841797,0.3599987030029297,0.014859093567187008
2016-02-29,24.5575008392334,24.162500381469727,24.21500015258789,24.172500610351562,140865200.0,22.516653060913086,0.3950004577636719,0.01634090175985012
2016-03-01,25.1924991607666,24.354999542236328,24.412500381469727,25.13249969482422,201628400.0,23.4108943939209,0.8374996185302734,0.03332337128020529
2016-03-02,25.22249984741211,24.90999984741211,25.127500534057617,25.1875,132678400.0,23.462127685546875,0.3125,0.01240694789081886
2016-03-03,25.427499771118164,25.112499237060547,25.145000457763672,25.375,147822800.0,23.636777877807617,0.3150005340576172,0.01241381415005388
2016-03-04,25.9375,25.342500686645508,25.592500686645508,25.752500534057617,184220400.0,23.988418579101562,0.5949993133544922,0.023104525813623693
2016-03-07,25.707500457763672,25.239999771118164,25.59749984741211,25.467500686645508,143315600.0,23.722946166992188,0.4675006866455078,0.01835675563133107
2016-03-08,25.440000534057617,25.100000381469727,25.19499969482422,25.25749969482422,126247600.0,23.527326583862305,0.3400001525878906,0.013461354318359693
2016-03-09,25.395000457763672,25.0674991607666,25.327499389648438,25.280000686645508,108806800.0,23.548290252685547,0.3275012969970703,0.01295495601667753
2016-03-10,25.559999465942383,25.037500381469727,25.352500915527344,25.292499542236328,134054400.0,23.5599308013916,0.5224990844726562,0.02065826209070903
2016-03-11,25.56999969482422,25.375,25.559999465942383,25.565000534057617,109632800.0,23.81376838684082,0.19499969482421875,0.007627603784495946
2016-03-14,25.727500915527344,25.44499969482422,25.477500915527344,25.6299991607666,100304400.0,23.874311447143555,0.282501220703125,0.011022287551829763
2016-03-15,26.295000076293945,25.962499618530273,25.989999771118164,26.145000457763672,160270800.0,24.354034423828125,0.3325004577636719,0.012717554099905819
2016-03-16,26.577499389648438,26.147499084472656,26.15250015258789,26.49250030517578,153214000.0,24.67772674560547,0.43000030517578125,0.016231020108425667
2016-03-17,26.61750030517578,26.239999771118164,26.3799991607666,26.450000762939453,137682800.0,24.638141632080078,0.3775005340576172,0.014272231499764412
2016-03-18,26.625,26.297500610351562,26.584999084472656,26.479999542236328,176820800.0,24.66608428955078,0.3274993896484375,0.012367801937687611
2016-03-21,26.912500381469727,26.28499984741211,26.482500076293945,26.477500915527344,142010800.0,24.663761138916016,0.6275005340576172,0.02369938673818074
2016-03-22,26.822500228881836,26.302499771118164,26.3125,26.68000030517578,129777600.0,24.852388381958008,0.5200004577636719,0.01949027180718564
2016-03-23,26.767499923706055,26.475000381469727,26.6200008392334,26.532499313354492,102814000.0,24.714990615844727,0.2924995422363281,0.011024198617018546
2016-03-24,26.5625,26.22249984741211,26.36750030517578,26.417499542236328,104532000.0,24.607866287231445,0.3400001525878906,0.01287026245781884
2016-03-28,26.547500610351562,26.264999389648438,26.5,26.297500610351562,77645600.0,24.496084213256836,0.282501220703125,0.01074251218353136
2016-03-29,26.947500228881836,26.219999313354492,26.22249984741211,26.920000076293945,124760400.0,25.075942993164062,0.7275009155273438,0.027024551020265013
2016-03-30,27.604999542236328,27.149999618530273,27.162500381469727,27.389999389648438,182404400.0,25.513748168945312,0.4549999237060547,0.016611899738778885
2016-03-31,27.475000381469727,27.219999313354492,27.43000030517578,27.247499465942383,103553600.0,25.381013870239258,0.2550010681152344,0.009358696141419116
2016-04-01,27.5,27.049999237060547,27.19499969482422,27.497499465942383,103496000.0,25.613882064819336,0.4500007629394531,0.016365152165810977
2016-04-04,28.047500610351562,27.5674991607666,27.604999542236328,27.780000686645508,149424800.0,25.877037048339844,0.48000144958496094,0.017278669464385894
2016-04-05,27.6825008392334,27.354999542236328,27.377500534057617,27.452499389648438,106314800.0,25.571971893310547,0.3275012969970703,0.011929744259299093
2016-04-06,27.7450008392334,27.299999237060547,27.5575008392334,27.739999771118164,105616400.0,25.83977508544922,0.44500160217285156,0.016041874760077336
2016-04-07,27.604999542236328,27.030000686645508,27.487499237060547,27.135000228881836,127207600.0,25.276214599609375,0.5749988555908203,0.021190302220038513
2016-04-08,27.4424991607666,27.042499542236328,27.227500915527344,27.165000915527344,94326800.0,25.30415916442871,0.39999961853027344,0.014724815205201637
2016-04-11,27.65250015258789,27.207500457763672,27.24250030517578,27.2549991607666,117630000.0,25.38799285888672,0.44499969482421875,0.016327268703966537
2016-04-12,27.625,27.165000915527344,27.334999084472656,27.610000610351562,108929200.0,25.718679428100586,0.45999908447265625,0.016660596678878488
2016-04-13,28.084999084472656,27.700000762939453,27.700000762939453,28.010000228881836,133029200.0,26.091279983520508,0.3849983215332031,0.0137450310027567
2016-04-14,28.09749984741211,27.832500457763672,27.905000686645508,28.024999618530273,101895600.0,26.105249404907227,0.2649993896484375,0.00945582134720953
2016-04-15,28.075000762939453,27.4325008392334,28.02750015258789,27.462499618530273,187756000.0,25.58128547668457,0.6424999237060547,0.02339553691873441
2016-04-18,27.237499237060547,26.735000610351562,27.22249984741211,26.8700008392334,243286000.0,25.02937126159668,0.5024986267089844,0.018701102010211947
2016-04-19,27.0,26.5575008392334,26.969999313354492,26.727500915527344,129539600.0,24.896631240844727,0.44249916076660156,0.0165559497000908
2016-04-20,27.022499084472656,26.514999389648438,26.65999984741211,26.782499313354492,122444000.0,24.947864532470703,0.5074996948242188,0.01894892963074456
2016-04-21,26.732500076293945,26.3799991607666,26.732500076293945,26.49250030517578,126210000.0,24.67772674560547,0.35250091552734375,0.013305686947882244
2016-04-22,26.6200008392334,26.155000686645508,26.252500534057617,26.420000076293945,134732400.0,24.610197067260742,0.4650001525878906,0.01760030852555237
2016-04-25,26.412500381469727,26.127500534057617,26.25,26.270000457763672,112126400.0,24.470468521118164,0.2849998474121094,0.010848871048568342
2016-04-26,26.325000762939453,25.977500915527344,25.977500915527344,26.087499618530273,224064800.0,24.30046844482422,0.3474998474121094,0.013320550167455526
2016-04-27,24.677499771118164,23.920000076293945,24.0,24.454999923706055,458408400.0,22.779796600341797,0.7574996948242188,0.03097524830044746
2016-04-28,24.469999313354492,23.5625,24.40250015258789,23.707500457763672,328970800.0,22.083505630493164,0.9074993133544922,0.0382789959224616
2016-04-29,23.68000030517578,23.127500534057617,23.497499465942383,23.434999465942383,274126000.0,21.829669952392578,0.5524997711181641,0.023575838861063382
2016-05-02,23.520000457763672,23.100000381469727,23.49250030517578,23.40999984741211,192640400.0,21.80638313293457,0.4200000762939453,0.017941054208950574
2016-05-03,23.934999465942383,23.420000076293945,23.549999237060547,23.795000076293945,227325200.0,22.165010452270508,0.5149993896484375,0.021643176633628667
2016-05-04,23.975000381469727,23.454999923706055,23.799999237060547,23.547500610351562,164102000.0,21.93446159362793,0.5200004577636719,0.022083042543168164
2016-05-05,23.517499923706055,23.170000076293945,23.5,23.309999465942383,143562000.0,21.84543800354004,0.3474998474121094,0.014907758703290926
2016-05-06,23.362499237060547,22.962499618530273,23.342500686645508,23.18000030517578,174799600.0,21.723604202270508,0.39999961853027344,0.017256238708545615
2016-05-09,23.4424991607666,23.147499084472656,23.25,23.197500228881836,131745600.0,21.740001678466797,0.2950000762939453,0.012716890759059381
2016-05-10,23.392499923706055,23.02750015258789,23.332500457763672,23.354999542236328,134747200.0,21.887601852416992,0.36499977111816406,0.01562833561431164
2016-05-11,23.392499923706055,23.114999771118164,23.3700008392334,23.127500534057617,114876400.0,21.674400329589844,0.2775001525878906,0.01199870916354507
2016-05-12,23.19499969482422,22.36750030517578,23.18000030517578,22.584999084472656,305258800.0,21.165979385375977,0.8274993896484375,0.03663933686928281
2016-05-13,22.917499542236328,22.5,22.5,22.6299991607666,177571200.0,21.20815658569336,0.4174995422363281,0.018448942011458084
2016-05-16,23.59749984741211,22.912500381469727,23.09749984741211,23.469999313354492,245039200.0,21.99538230895996,0.6849994659423828,0.029186173241710165
2016-05-17,23.674999237060547,23.252500534057617,23.637500762939453,23.372499465942383,187667600.0,21.904010772705078,0.4224987030029297,0.018076744578327215
2016-05-18,23.802499771118164,23.47249984741211,23.540000915527344,23.639999389648438,168249600.0,22.154695510864258,0.3299999237060547,0.013959387996031683
2016-05-19,23.65999984741211,23.392499923706055,23.65999984741211,23.549999237060547,121768400.0,22.070350646972656,0.2674999237060547,0.011358808168668263
2016-05-20,23.857500076293945,23.6299991607666,23.65999984741211,23.80500030517578,128104000.0,22.3093318939209,0.22750091552734375,0.009556854131939648
2016-05-23,24.297500610351562,23.917499542236328,23.967500686645508,24.107500076293945,152074400.0,22.59282875061035,0.3800010681152344,0.01576277369750618
2016-05-24,24.522499084472656,24.209999084472656,24.30500030517578,24.475000381469727,140560800.0,22.93724250793457,0.3125,0.012768130546653513
2016-05-25,24.934999465942383,24.52750015258789,24.667499542236328,24.905000686645508,152675200.0,23.340221405029297,0.4074993133544922,0.01636214824812273
2016-05-26,25.1825008392334,24.65999984741211,24.920000076293945,25.102500915527344,225324800.0,23.525312423706055,0.5225009918212891,0.020814698646145335
2016-05-27,25.11750030517578,24.8125,24.860000610351562,25.087499618530273,145364800.0,23.511253356933594,0.30500030517578125,0.012157461278066155
2016-05-31,25.100000381469727,24.704999923706055,24.899999618530273,24.96500015258789,169228800.0,23.396451950073242,0.3950004577636719,0.015822169250927318
2016-06-01,24.885000228881836,24.582500457763672,24.7549991607666,24.614999771118164,116693200.0,23.068445205688477,0.30249977111816406,0.012289245335403173
2016-06-02,24.459999084472656,24.157499313354492,24.399999618530273,24.43000030517578,160766400.0,22.89506721496582,0.30249977111816406,0.012382307300015709
2016-06-03,24.5674991607666,24.362499237060547,24.447500228881836,24.479999542236328,114019600.0,22.941923141479492,0.2049999237060547,0.008374180046546165
2016-06-06,25.47249984741211,24.387500762939453,24.497499465942383,24.657499313354492,93170000.0,23.108264923095703,1.0849990844726562,0.04400280298842069
2016-06-07,24.967500686645508,24.739999771118164,24.8125,24.75749969482422,89638000.0,23.20198631286621,0.22750091552734375,0.009189171698744074
2016-06-08,24.889999389648438,24.670000076293945,24.7549991607666,24.735000610351562,83392400.0,23.18090057373047,0.2199993133544922,0.008894251381680695
2016-06-09,24.997499465942383,24.614999771118164,24.625,24.912500381469727,106405600.0,23.347248077392578,0.38249969482421875,0.015353725598283482
2016-06-10,24.837499618530273,24.6200008392334,24.63249969482422,24.707500457763672,126851600.0,23.155132293701172,0.217498779296875,0.008802945472719067
2016-06-13,24.780000686645508,24.274999618530273,24.672500610351562,24.334999084472656,152082000.0,22.806034088134766,0.5050010681152344,0.02075204796031649
2016-06-14,24.6200008392334,24.1875,24.329999923706055,24.364999771118164,127727600.0,22.834148406982422,0.43250083923339844,0.017750906763646976
2016-06-15,24.602500915527344,24.25749969482422,24.454999923706055,24.28499984741211,117780800.0,22.75917625427246,0.345001220703125,0.014206350540285857
2016-06-16,24.4375,24.017499923706055,24.112499237060547,24.387500762939453,125307200.0,22.855236053466797,0.4200000762939453,0.01722194005759704
2016-06-17,24.162500381469727,23.825000762939453,24.155000686645508,23.832500457763672,244032800.0,22.335105895996094,0.33749961853027344,0.014161318034102024
2016-06-20,24.142499923706055,23.75749969482422,24.0,23.774999618530273,137647600.0,22.281219482421875,0.38500022888183594,0.016193490433613556
2016-06-21,24.087499618530273,23.670000076293945,23.735000610351562,23.977500915527344,142185600.0,22.470993041992188,0.4174995422363281,0.017412137474509027
2016-06-22,24.22249984741211,23.837499618530273,24.0625,23.887500762939453,116876400.0,22.38665199279785,0.38500022888183594,0.016117225184107544
2016-06-23,24.072500228881836,23.8125,23.985000610351562,24.024999618530273,128960800.0,22.515512466430664,0.26000022888183594,0.0108220700524507
2016-06-24,23.665000915527344,23.162500381469727,23.227500915527344,23.350000381469727,301245600.0,21.882919311523438,0.5025005340576172,0.02152036513268734
2016-06-27,23.262500762939453,22.875,23.25,23.010000228881836,181958400.0,21.564281463623047,0.3875007629394531,0.016840537117990443
2016-06-28,23.415000915527344,23.03499984741211,23.225000381469727,23.397499084472656,161779600.0,21.927433013916016,0.3800010681152344,0.016241097680709624
2016-06-29,23.637500762939453,23.407499313354492,23.49250030517578,23.600000381469727,146124000.0,22.117212295532227,0.23000144958496094,0.009745823977424751
2016-06-30,23.9424991607666,23.575000762939453,23.610000610351562,23.899999618530273,143345600.0,22.398365020751953,0.36749839782714844,0.015376502246561445
2016-07-01,24.11750030517578,23.832500457763672,23.872499465942383,23.97249984741211,104106000.0,22.46630859375,0.2849998474121094,0.011888616090360548
2016-07-05,23.850000381469727,23.614999771118164,23.84749984741211,23.747499465942383,110820800.0,22.255449295043945,0.2350006103515625,0.009895804427265701
2016-07-06,23.915000915527344,23.592500686645508,23.649999618530273,23.88249969482422,123796400.0,22.381961822509766,0.32250022888183594,0.013503621187179486
2016-07-07,24.125,23.905000686645508,23.924999237060547,23.985000610351562,100558400.0,22.4780216217041,0.2199993133544922,0.00917237055476846
2016-07-08,24.22249984741211,24.012500762939453,24.122499465942383,24.170000076293945,115648400.0,22.651403427124023,0.20999908447265625,0.008688418858493276
2016-07-11,24.412500381469727,24.1825008392334,24.1875,24.2450008392334,95179600.0,22.72169303894043,0.22999954223632812,0.009486472851101806
2016-07-12,24.424999237060547,24.280000686645508,24.292499542236328,24.354999542236328,96670000.0,22.824777603149414,0.14499855041503906,0.005953543549183126
2016-07-13,24.417499542236328,24.209999084472656,24.352500915527344,24.217500686645508,103568800.0,22.695920944213867,0.20750045776367188,0.008568202823592604
2016-07-14,24.747499465942383,24.329999923706055,24.34749984741211,24.697500228881836,155676000.0,23.14575958251953,0.4174995422363281,0.0169045263029533
2016-07-15,24.825000762939453,24.625,24.729999542236328,24.69499969482422,120548000.0,23.143417358398438,0.20000076293945312,0.008098836420774322
2016-07-18,25.032499313354492,24.649999618530273,24.674999237060547,24.957500457763672,145975600.0,23.389419555664062,0.38249969482421875,0.015326041783372277
2016-07-19,25.0,24.834999084472656,24.889999389648438,24.967500686645508,95119600.0,23.39879035949707,0.16500091552734375,0.006608627655534566
2016-07-20,25.114999771118164,24.934999465942383,25.0,24.989999771118164,105104000.0,23.41988182067871,0.18000030517578125,0.007202893430347848
2016-07-21,25.25,24.782499313354492,24.957500457763672,24.857500076293945,130808000.0,23.295703887939453,0.4675006866455078,0.018807228611510816
2016-07-22,24.825000762939453,24.577499389648438,24.815000534057617,24.665000915527344,113254800.0,23.115304946899414,0.24750137329101562,0.010034517093214712
2016-07-25,24.709999084472656,24.229999542236328,24.5625,24.334999084472656,161531600.0,22.806034088134766,0.4799995422363281,0.0197246583231885
2016-07-26,24.49250030517578,24.104999542236328,24.204999923706055,24.167499542236328,224959200.0,22.649059295654297,0.3875007629394531,0.016033961737011205
2016-07-27,26.087499618530273,25.6875,26.0674991607666,25.737499237060547,369379200.0,24.120412826538086,0.39999961853027344,0.01554151065128723
2016-07-28,26.112499237060547,25.704999923706055,25.707500457763672,26.084999084472656,159479200.0,24.44607925415039,0.4074993133544922,0.015621979208619564
2016-07-29,26.137500762939453,25.920000076293945,26.047500610351562,26.052499771118164,110934800.0,24.415626525878906,0.2175006866455078,0.008348553442331447
2016-08-01,26.537500381469727,26.102500915527344,26.102500915527344,26.512500762939453,152671600.0,24.84671974182129,0.4349994659423828,0.01640733440545328
2016-08-02,26.517499923706055,26.0,26.512500762939453,26.1200008392334,135266400.0,24.4788818359375,0.5174999237060547,0.019812400730429797
2016-08-03,26.459999084472656,26.1924991607666,26.202499389648438,26.447500228881836,120810400.0,24.785802841186523,0.2674999237060547,0.010114374568146633
2016-08-04,26.5,26.31999969482422,26.395000457763672,26.467500686645508,109634800.0,24.938920974731445,0.18000030517578125,0.006800804779674665
2016-08-05,26.912500381469727,26.545000076293945,26.5674991607666,26.8700008392334,162213600.0,25.318172454833984,0.36750030517578125,0.013676974086252616
2016-08-08,27.092500686645508,26.790000915527344,26.8799991607666,27.092500686645508,112148800.0,25.52782440185547,0.30249977111816406,0.011165442962128368
2016-08-09,27.235000610351562,27.002500534057617,27.0575008392334,27.202499389648438,105260800.0,25.631471633911133,0.2325000762939453,0.008547011543447372
2016-08-10,27.225000381469727,26.940000534057617,27.177499771118164,27.0,96034000.0,25.4406681060791,0.2849998474121094,0.010555549904152198
2016-08-11,27.232500076293945,26.962499618530273,27.1299991607666,26.982500076293945,109938000.0,25.424177169799805,0.2700004577636719,0.010006502622078618
2016-08-12,27.110000610351562,26.94499969482422,26.94499969482422,27.045000076293945,74641600.0,25.483068466186523,0.16500091552734375,0.0061009767077787455
2016-08-15,27.385000228881836,27.020000457763672,27.03499984741211,27.3700008392334,103472800.0,25.7893009185791,0.36499977111816406,0.013335760318828958
2016-08-16,27.5575008392334,27.302499771118164,27.407499313354492,27.344999313354492,135177600.0,25.765745162963867,0.2550010681152344,0.009325327281712505
2016-08-17,27.342500686645508,27.084999084472656,27.274999618530273,27.30500030517578,101424000.0,25.728050231933594,0.25750160217285156,0.009430565804609825
2016-08-18,27.399999618530273,27.2549991607666,27.3075008392334,27.270000457763672,87938800.0,25.69507598876953,0.14500045776367188,0.005317215083595305
2016-08-19,27.422500610351562,27.09000015258789,27.1924991607666,27.34000015258789,101472400.0,25.76103401184082,0.3325004577636719,0.012161684561373303
2016-08-22,27.274999618530273,26.962499618530273,27.21500015258789,27.127500534057617,103280800.0,25.560800552368164,0.3125,0.011519675379147715
2016-08-23,27.329999923706055,27.13249969482422,27.147499084472656,27.212499618530273,85030800.0,25.640892028808594,0.19750022888183594,0.007257702587062187
2016-08-24,27.1875,26.920000076293945,27.142499923706055,27.00749969482422,94700400.0,25.447734832763672,0.2674999237060547,0.00990465340104471
2016-08-25,26.969999313354492,26.670000076293945,26.84749984741211,26.892499923706055,100344800.0,25.339378356933594,0.2999992370605469,0.011155498295496656
2016-08-26,26.987499237060547,26.577499389648438,26.852500915527344,26.735000610351562,111065200.0,25.19097137451172,0.4099998474121094,0.01533569620542148
2016-08-29,26.860000610351562,26.572500228881836,26.655000686645508,26.704999923706055,99881200.0,25.16270637512207,0.28750038146972656,0.010765788514925708
2016-08-30,26.625,26.375,26.450000762939453,26.5,99455600.0,24.969539642333984,0.25,0.009433962264150943
2016-08-31,26.642499923706055,26.40999984741211,26.415000915527344,26.524999618530273,118649600.0,24.993093490600586,0.2325000762939453,0.008765318742229937
2016-09-01,26.700000762939453,26.405000686645508,26.53499984741211,26.6825008392334,106806000.0,25.141504287719727,0.2950000762939453,0.011055938049861627
2016-09-02,27.0,26.704999923706055,26.924999237060547,26.9325008392334,107210000.0,25.37706756591797,0.2950000762939453,0.010953311690394887
2016-09-06,27.075000762939453,26.877500534057617,26.975000381469727,26.924999237060547,107521600.0,25.3699951171875,0.19750022888183594,0.007335199052113229
2016-09-07,27.190000534057617,26.767499923706055,26.957500457763672,27.09000015258789,169457200.0,25.52546501159668,0.4225006103515625,0.015596183387662376
2016-09-08,26.8174991607666,26.309999465942383,26.8125,26.3799991607666,212008000.0,24.856475830078125,0.5074996948242188,0.019238048179280945
2016-09-09,26.43000030517578,25.782499313354492,26.15999984741211,25.782499313354492,186228000.0,24.293481826782227,0.6475009918212891,0.025113973007492903
2016-09-12,26.43000030517578,25.63249969482422,25.662500381469727,26.360000610351562,181171200.0,24.837629318237305,0.7975006103515625,0.03025419544331817
2016-09-13,27.197500228881836,26.809999465942383,26.877500534057617,26.987499237060547,248704800.0,25.42888832092285,0.3875007629394531,0.01435852798125579
2016-09-14,28.25749969482422,27.149999618530273,27.1825008392334,27.9424991607666,443554800.0,26.328737258911133,1.1075000762939453,0.039634968580368066
2016-09-15,28.9325008392334,28.372499465942383,28.46500015258789,28.892499923706055,359934400.0,27.22386932373047,0.5600013732910156,0.0193822401927754
2016-09-16,29.032499313354492,28.510000228881836,28.780000686645508,28.729999542236328,319547600.0,27.07075309753418,0.5224990844726562,0.018186532989829113
2016-09-19,29.045000076293945,28.3125,28.797500610351562,28.395000457763672,188092000.0,26.75510025024414,0.7325000762939453,0.02579679748142661
2016-09-20,28.530000686645508,28.127500534057617,28.262500762939453,28.392499923706055,138057200.0,26.752744674682617,0.4025001525878906,0.014176284359230617
2016-09-21,28.497499465942383,28.110000610351562,28.462499618530273,28.387500762939453,144012800.0,26.748029708862305,0.3874988555908203,0.013650333603749617
2016-09-22,28.735000610351562,28.5,28.587499618530273,28.655000686645508,124296000.0,27.000085830688477,0.2350006103515625,0.008201033143268538
2016-09-23,28.697500228881836,27.887500762939453,28.604999542236328,28.177499771118164,209924800.0,26.55015754699707,0.8099994659423828,0.02874632144519186
2016-09-26,28.34749984741211,27.887500762939453,27.90999984741211,28.219999313354492,119477600.0,26.5902042388916,0.45999908447265625,0.016300464056176352
2016-09-27,28.295000076293945,28.084999084472656,28.25,28.272499084472656,98429600.0,26.63967514038086,0.21000099182128906,0.0074277477627233265
2016-09-28,28.65999984741211,28.357500076293945,28.422500610351562,28.487499237060547,118564400.0,26.842262268066406,0.30249977111816406,0.010618684658870645
2016-09-29,28.450000762939453,27.950000762939453,28.290000915527344,28.045000076293945,143548000.0,26.425315856933594,0.5,0.01782848987840236
2016-09-30,28.342500686645508,27.950000762939453,28.114999771118164,28.262500762939453,145516400.0,26.6302547454834,0.3924999237060547,0.01388765725291864
2016-10-03,28.262500762939453,28.06999969482422,28.177499771118164,28.1299991607666,86807200.0,26.505401611328125,0.19250106811523438,0.006843266045443718
2016-10-04,28.577499389648438,28.157499313354492,28.264999389648438,28.25,118947200.0,26.61847496032715,0.4200000762939453,0.014867259337838772
2016-10-05,28.415000915527344,28.172500610351562,28.350000381469727,28.262500762939453,85812400.0,26.6302547454834,0.24250030517578125,0.008580284781231082
2016-10-06,28.584999084472656,28.282499313354492,28.424999237060547,28.47249984741211,115117200.0,26.828121185302734,0.30249977111816406,0.010624278610564591
2016-10-07,28.639999389648438,28.377500534057617,28.577499389648438,28.514999389648438,97433600.0,26.8681697845459,0.2624988555908203,0.009205641283868065
2016-10-10,29.1875,28.68000030517578,28.7549991607666,29.012500762939453,144944000.0,27.336942672729492,0.5074996948242188,0.01749244916772216
2016-10-11,29.672500610351562,29.049999237060547,29.424999237060547,29.075000762939453,256164000.0,27.395828247070312,0.6225013732910156,0.021410192844585892
2016-10-12,29.4950008392334,29.1875,29.337499618530273,29.334999084472656,150347200.0,27.640811920166016,0.30750083923339844,0.010482387892630346
2016-10-13,29.360000610351562,28.93000030517578,29.197500228881836,29.2450008392334,140769600.0,27.556011199951172,0.43000030517578125,0.014703378110316816
2016-10-14,29.542499542236328,29.282499313354492,29.469999313354492,29.407499313354492,142608800.0,27.709121704101562,0.26000022888183594,0.00884128997543715
2016-10-17,29.459999084472656,29.19499969482422,29.332500457763672,29.387500762939453,94499600.0,27.690282821655273,0.2649993896484375,0.00901741838430262
2016-10-18,29.552499771118164,29.362499237060547,29.545000076293945,29.36750030517578,98214000.0,27.67144012451172,0.1900005340576172,0.0064697550722126376
2016-10-19,29.440000534057617,28.450000762939453,29.3125,29.280000686645508,80138400.0,27.5889892578125,0.9899997711181641,0.0338114667999205
2016-10-20,29.344999313354492,29.082500457763672,29.21500015258789,29.264999389648438,96503200.0,27.574853897094727,0.2624988555908203,0.00896972017992493
2016-10-21,29.227500915527344,29.06999969482422,29.202499389648438,29.149999618530273,92770800.0,27.466495513916016,0.157501220703125,0.005403129425874968
2016-10-24,29.434999465942383,29.25,29.274999618530273,29.412500381469727,94154800.0,27.713834762573242,0.1849994659423828,0.006289824514849305
2016-10-25,29.59000015258789,29.327499389648438,29.487499237060547,29.5625,192516000.0,27.85517120361328,0.2625007629394531,0.008879518408099894
2016-10-26,28.924999237060547,28.327499389648438,28.577499389648438,28.897499084472656,264536800.0,27.228580474853516,0.5974998474121094,0.020676524486271577
2016-10-27,28.96500015258789,28.524999618530273,28.84749984741211,28.6200008392334,138248000.0,26.967105865478516,0.4400005340576172,0.015373882639949037
2016-10-28,28.802499771118164,28.362499237060547,28.467500686645508,28.43000030517578,151446800.0,26.78807830810547,0.4400005340576172,0.015476627834489103
2016-10-31,28.5575008392334,28.299999237060547,28.412500381469727,28.385000228881836,105677600.0,26.745677947998047,0.25750160217285156,0.009071749166689905
2016-11-01,28.4424991607666,27.63249969482422,28.364999771118164,27.872499465942383,175303200.0,26.262773513793945,0.8099994659423828,0.02906088371917012
2016-11-02,28.087499618530273,27.8075008392334,27.850000381469727,27.897499084472656,113326800.0,26.286331176757812,0.279998779296875,0.010036698216175165
2016-11-03,27.864999771118164,27.387500762939453,27.7450008392334,27.457500457763672,107730400.0,26.00457763671875,0.47749900817871094,0.017390476198415102
2016-11-04,27.5625,27.02750015258789,27.13249969482422,27.209999084472656,123348000.0,25.77016830444336,0.5349998474121094,0.01966188406516361
2016-11-07,27.627500534057617,27.364999771118164,27.520000457763672,27.602500915527344,130240000.0,26.141904830932617,0.2625007629394531,0.00951003547623424
2016-11-08,27.93000030517578,27.424999237060547,27.577499389648438,27.764999389648438,97016800.0,26.295801162719727,0.5050010681152344,0.018188405518334453
2016-11-09,27.829999923706055,27.012500762939453,27.469999313354492,27.719999313354492,236705600.0,26.253185272216797,0.8174991607666016,0.029491312446489133
2016-11-10,27.772499084472656,26.457500457763672,27.772499084472656,26.947500228881836,228538000.0,25.521560668945312,1.3149986267089844,0.048798538474436784
2016-11-11,27.217500686645508,26.637500762939453,26.780000686645508,27.107500076293945,136575600.0,25.673097610473633,0.5799999237060547,0.021396289664249647
2016-11-14,26.952499389648438,26.020000457763672,26.927499771118164,26.427499771118164,204702000.0,25.02907943725586,0.9324989318847656,0.035285174154229534
2016-11-15,26.920000076293945,26.540000915527344,26.642499923706055,26.77750015258789,129058000.0,25.360559463500977,0.37999916076660156,0.014190987157174074
2016-11-16,27.5575008392334,26.649999618530273,26.674999237060547,27.497499465942383,235362000.0,26.04245948791504,0.907501220703125,0.033003045306978916
2016-11-17,27.587499618530273,27.207500457763672,27.452499389648438,27.487499237060547,110528000.0,26.032987594604492,0.37999916076660156,0.013824435518465078
2016-11-18,27.635000228881836,27.415000915527344,27.43000030517578,27.514999389648438,113715600.0,26.059032440185547,0.2199993133544922,0.00799561396455125
2016-11-21,27.997499465942383,27.502500534057617,27.530000686645508,27.9325008392334,117058400.0,26.454442977905273,0.4949989318847656,0.017721253629732307
2016-11-22,28.104999542236328,27.850000381469727,27.987499237060547,27.950000762939453,103862000.0,26.47101402282715,0.25499916076660156,0.009123404429552643
2016-11-23,27.877500534057617,27.582500457763672,27.84000015258789,27.8075008392334,109705600.0,26.336055755615234,0.2950000762939453,0.010608651169318023
2016-11-25,27.967500686645508,27.737499237060547,27.782499313354492,27.947500228881836,45903600.0,26.46864891052246,0.23000144958496094,0.008229768233341676
2016-11-28,28.11750030517578,27.84749984741211,27.857500076293945,27.892499923706055,108776000.0,26.41655921936035,0.2700004577636719,0.009680037949348397
2016-11-29,28.00749969482422,27.517499923706055,27.69499969482422,27.864999771118164,114115200.0,26.390514373779297,0.48999977111816406,0.01758477570942041
2016-11-30,28.049999237060547,27.5674991607666,27.899999618530273,27.6299991607666,144649200.0,26.16794776916504,0.4825000762939453,0.0174629059337459
2016-12-01,27.735000610351562,27.25749969482422,27.592500686645508,27.372499465942383,148347600.0,25.924074172973633,0.47750091552734375,0.017444549268197575
2016-12-02,27.522499084472656,27.212499618530273,27.292499542236328,27.475000381469727,106112000.0,26.021150588989258,0.3099994659423828,0.011282964936788835
2016-12-05,27.50749969482422,27.0625,27.5,27.27750015258789,137298000.0,25.8341007232666,0.44499969482421875,0.01631380047053177
2016-12-06,27.59000015258789,27.297500610351562,27.375,27.487499237060547,104782000.0,26.032987594604492,0.2924995422363281,0.01064118418753642
2016-12-07,27.797500610351562,27.290000915527344,27.315000534057617,27.75749969482422,119994800.0,26.288700103759766,0.5074996948242188,0.018283336049855
2016-12-08,28.107500076293945,27.649999618530273,27.71500015258789,28.030000686645508,108273200.0,26.54677963256836,0.4575004577636719,0.016321814004865202
2016-12-09,28.674999237060547,28.077499389648438,28.077499389648438,28.487499237060547,137610400.0,26.98007583618164,0.5974998474121094,0.02097410665780019
2016-12-12,28.75,28.122499465942383,28.322500228881836,28.325000762939453,105497600.0,26.826171875,0.6275005340576172,0.022153592838685513
2016-12-13,28.979999542236328,28.4375,28.459999084472656,28.797500610351562,174935200.0,27.273670196533203,0.5424995422363281,0.018838424541653485
2016-12-14,29.049999237060547,28.7450008392334,28.760000228881836,28.797500610351562,136127200.0,27.273670196533203,0.30499839782714844,0.010591141292224283
2016-12-15,29.1825008392334,28.8075008392334,28.844999313354492,28.954999923706055,186098000.0,27.422834396362305,0.375,0.012951131099571503
2016-12-16,29.125,28.912500381469727,29.11750030517578,28.99250030517578,177404400.0,27.458349227905273,0.21249961853027344,0.007329468527843309
2016-12-19,29.344999313354492,28.9375,28.950000762939453,29.15999984741211,111117600.0,27.616987228393555,0.4074993133544922,0.013974599296531097
2016-12-20,29.375,29.170000076293945,29.184999465942383,29.237499237060547,85700000.0,27.690387725830078,0.2049999237060547,0.007011540968120938
2016-12-21,29.350000381469727,29.19499969482422,29.200000762939453,29.264999389648438,95132800.0,27.716432571411133,0.1550006866455078,0.005296452755106989
2016-12-22,29.127500534057617,28.90999984741211,29.087499618530273,29.072500228881836,104343600.0,27.534114837646484,0.2175006866455078,0.007481320317591177
2016-12-23,29.1299991607666,28.897499084472656,28.897499084472656,29.1299991607666,56998000.0,27.588571548461914,0.2325000762939453,0.007981465258917183
2016-12-27,29.450000762939453,29.122499465942383,29.1299991607666,29.315000534057617,73187600.0,27.76378631591797,0.3275012969970703,0.011171799114128805
2016-12-28,29.5049991607666,29.049999237060547,29.3799991607666,29.190000534057617,83623600.0,27.645402908325195,0.4549999237060547,0.01558752707712974
2016-12-29,29.27750015258789,29.100000381469727,29.112499237060547,29.1825008392334,60158000.0,27.638296127319336,0.17749977111816406,0.006082404386656632
2016-12-30,29.299999237060547,28.857500076293945,29.162500381469727,28.954999923706055,122345200.0,27.422834396362305,0.44249916076660156,0.01528230571343633
